{"cameraMode":{"drawMode":0,"name":"Shaded","section":"Shading Mode"},"sceneLighting":false,"audioPlay":false,"sceneViewState":{"showFog":true,"showMaterialUpdate":false,"showSkybox":true,"showFlares":true,"showImageEffects":true,"showParticleSystems":true},"in2DMode":false,"pivot":{"x":2.514127254486084,"y":9.054479598999024,"z":0.9435920715332031},"rotation":{"x":-0.3915148973464966,"y":0.04965202510356903,"z":-0.0211623702198267,"w":-0.9185875058174133},"size":40.74924850463867,"orthographic":false}